target,mhc_class,n_spots,n_spots_tmh,f_tmh,conf_99_low,conf_99_high
covid,I,14207,1124,0.07911592876750898,0.0733895277742949,0.08512646453965256
covid,II,14137,1245,0.08806677512909386,0.08203164906934221,0.09438126678734515
human,I,11220940,598391,0.0533280634242764,0.05315543356167633,0.053501072114734316
human,II,11118448,672273,0.06046464398628298,0.06028066652652532,0.06064899765043097
myco,I,1299707,98613,0.07587325451043966,0.0752761431509212,0.07647347303882945
myco,II,1279742,108419,0.08471942000809538,0.08408652263011597,0.08535540709557499
